filename,energy (kcal/mol)
13,-353445.54987567733
6,-353445.2410326903
12,-353445.2410289253
9,-353445.09949991794
11,-353445.04797515384
3,-353445.04796009365
5,-353445.042997125
4,-353444.9872762083
2,-353444.62978872354
8,-353444.62977993843
7,-353443.790696239
0,-353443.7906755312
1,-353443.6826705646
10,-353441.7871321655
